"Ring","Colony","Sp","geo_trip","Migration","BA_dep_date","WA_A_arr_date","WA_A_dep_date","WA_B_arr_date","WA_B_dep_date","BA_arr_date","complete","year_dep","WA"
"FS56059","FRANCE","PUFYEL","1706001001","Resident",NA,NA,NA,NA,NA,NA,"Complete",2006,"Western Mediterranean"
"FS56059","FRANCE","PUFYEL","1706001002","Resident",NA,NA,NA,NA,NA,NA,"Complete",2007,"Western Mediterranean"
"5056077","MALLORCA","PUFMAU","17075001001","Resident",NA,NA,NA,NA,NA,NA,"Complete",2012,"Western Mediterranean"
"5120247","MINORCA","PUFYEL","17079001001","Migrant","2012-06-02T00:00:00Z","2012-06-10T00:00:00Z",NA,NA,NA,NA,"Uncomplete",2012,"Alboran Sea"
"FT67725","FRANCE","PUFYEL","1711001001","Migrant","2006-07-23T00:00:00Z","2006-07-25T00:00:00Z","2006-10-28T00:00:00Z",NA,NA,"2006-10-31T00:00:00Z","Complete",2006,"Western Mediterranean"
"5056093","MALLORCA","PUFMAU","17130001001","Migrant","2012-07-07T19:39:00Z","2012-07-15T20:02:45Z","2012-09-13T18:54:10Z",NA,NA,"2012-09-20T05:13:00Z","Complete",2012,"Saharan Upwelling"
"5107125","MALLORCA","PUFMAU","18A571001001","Migrant","2012-06-12T04:04:30Z","2012-06-15T20:30:30Z","2012-09-15T19:07:39Z",NA,NA,"2012-10-12T05:37:50Z","Complete",2012,"South European Atlantic Shelf"
"5043573","MALLORCA","PUFMAU","22081001001","Migrant","2010-07-02T19:58:21Z","2011-01-22T06:53:17Z","2011-03-14T18:21:41Z",NA,NA,NA,"Uncomplete",2010,"South European Atlantic Shelf"
"5048326","MALLORCA","PUFMAU","22082001001","Migrant","2010-06-21T03:55:01Z","2010-06-24T04:38:33Z","2010-10-18T06:25:02Z",NA,NA,"2010-11-09T06:05:16Z","Complete",2010,"South European Atlantic Shelf"
"5068669","MALLORCA","PUFMAU","22082002001","Migrant",NA,NA,NA,NA,NA,NA,"Uncomplete",2011,NA
"5048324","MALLORCA","PUFMAU","22084001001","Migrant","2010-06-23T20:06:24Z","2010-06-28T04:41:53Z","2010-10-11T17:55:09Z",NA,NA,"2010-10-17T17:40:09Z","Complete",2010,"South European Atlantic Shelf"
"5107123","MALLORCA","PUFMAU","22085001001","Migrant",NA,NA,NA,NA,NA,NA,"Complete",2011,"South European Atlantic Shelf"
"5107123","MALLORCA","PUFMAU","22085002001","Migrant","2010-05-27T19:40:15Z","2010-06-06T04:42:54Z","2010-10-12T06:13:32Z",NA,NA,"2010-10-25T17:31:54Z","Complete",2010,"South European Atlantic Shelf"
"5107134","MALLORCA","PUFMAU","22086001001","Migrant","2010-07-08T04:13:45Z","2010-07-10T20:12:05Z","2010-11-02T06:03:22Z",NA,NA,"2010-11-16T06:15:15Z","Complete",2010,"South European Atlantic Shelf"
"5107134","MALLORCA","PUFMAU","22086002001","Migrant",NA,NA,NA,NA,NA,NA,"Uncomplete",2011,NA
"5068560","MALLORCA","PUFMAU","22087001001","Migrant","2010-06-29T03:55:51Z","2010-07-03T04:54:08Z","2010-09-09T05:43:51Z",NA,NA,"2010-09-17T18:24:06Z","Complete",2010,"South European Atlantic Shelf"
"5068560","MALLORCA","PUFMAU","22087002001","Migrant",NA,NA,NA,NA,NA,NA,"Uncomplete",2011,NA
"5073663","MALLORCA","PUFMAU","22089001001","Migrant","2010-06-24T19:47:23Z","2010-06-28T04:57:57Z","2010-09-17T18:45:55Z",NA,NA,"2010-09-25T05:28:18Z","Complete",2010,"Saharan Upwelling"
"5107123","MALLORCA","PUFMAU","22091001001","Migrant","2012-05-19T04:14:28Z","2012-05-31T20:33:12Z","2012-09-12T05:52:59Z",NA,NA,"2012-09-16T05:14:16Z","Complete",2012,"South European Atlantic Shelf"
"5107137","MALLORCA","PUFMAU","22091002001","Migrant","2010-06-08T04:10:04Z","2010-07-20T20:29:27Z","2010-10-09T18:02:54Z",NA,NA,"2010-10-18T05:49:38Z","Complete",2010,"South European Atlantic Shelf"
"5107137","MALLORCA","PUFMAU","22091003001","Migrant","2011-06-28T04:04:40Z","2011-07-10T04:06:35Z","2011-08-20T04:48:12Z",NA,NA,"2011-11-08T06:05:07Z","Complete",2011,"South European Atlantic Shelf"
"5085636","MALLORCA","PUFMAU","22092001001","Migrant",NA,NA,NA,NA,NA,NA,"Uncomplete",2011,NA
"5068532","MALLORCA","PUFMAU","22093001001","Migrant","2010-05-27T04:10:43Z","2010-06-02T04:44:39Z","2010-09-14T05:52:39Z",NA,NA,"2010-10-23T17:38:59Z","Complete",2010,"South European Atlantic Shelf"
"5068507","MALLORCA","PUFMAU","22094001001","Migrant","2010-06-23T19:44:59Z","2010-07-02T05:02:10Z","2010-09-13T19:12:00Z",NA,NA,"2010-09-24T05:33:00Z","Complete",2010,"South European Atlantic Shelf"
"TJ3255","SARDINIA","PUFYEL","22151001","Resident",NA,NA,NA,NA,NA,NA,"Complete",2010,"Western Mediterranean"
"TJ3257","SARDINIA","PUFYEL","22153001","Migrant","2010-06-04T03:35:51Z","2010-07-22T17:38:52Z","2010-11-15T14:38:06Z",NA,NA,"2010-12-07T05:45:51Z","Complete",2010,"Black Sea"
"TJ3258","SARDINIA","PUFYEL","22154001","Resident",NA,NA,NA,NA,NA,NA,"Complete",2010,"Adriatic Sea"
"TJ3259","SARDINIA","PUFYEL","22155001","Resident",NA,NA,NA,NA,NA,NA,"Complete",2010,"Western Mediterranean"
"TJ3262","SARDINIA","PUFYEL","22157001","Migrant","2010-06-19T03:33:38Z","2010-07-30T17:31:36Z","2010-11-25T14:33:37Z",NA,NA,"2010-12-07T05:53:10Z","Complete",2010,"Black Sea"
"TJ3263","SARDINIA","PUFYEL","22158001","Migrant","2010-05-25T19:17:21Z","2010-06-13T01:57:36Z","2010-12-09T14:58:36Z",NA,NA,"2010-12-19T05:51:46Z","Complete",2010,"Black Sea"
"TJ3261","SARDINIA","PUFYEL","22159001","Resident",NA,NA,NA,NA,NA,NA,"Complete",2010,"Western Mediterranean"
"TJ3264","SARDINIA","PUFYEL","22160001","Resident",NA,NA,NA,NA,NA,NA,"Complete",2010,"Western Mediterranean"
"TJ3265","SARDINIA","PUFYEL","22161001","Migrant","2010-07-18T03:38:31Z","2010-07-21T03:09:15Z","2011-01-28T05:28:08Z",NA,NA,NA,"Uncomplete",2010,"Black Sea"
"TA2209","SARDINIA","PUFYEL","22162001","Migrant","2010-07-12T00:00:00Z","2010-07-16T00:00:00Z","2010-09-13T00:00:00Z","2010-09-27T00:00:00Z","2010-11-28T00:00:00Z","2010-12-05T16:25:42Z","Complete",2010,"Western Mediterranean"
"5042865","MALLORCA","PUFMAU","22180001001","Migrant","2010-05-27T04:08:39Z","2010-06-04T20:34:30Z","2010-10-17T06:23:30Z",NA,NA,"2010-10-20T17:46:30Z","Complete",2010,"South European Atlantic Shelf"
"5073591","MALLORCA","PUFMAU","22181001001","Migrant","2010-06-22T04:01:10Z","2010-06-25T20:41:43Z","2010-09-19T19:10:57Z",NA,NA,"2010-09-23T05:34:51Z","Complete",2010,"South European Atlantic Shelf"
"5073591","MALLORCA","PUFMAU","22181002001","Migrant","2011-06-25T03:54:56Z","2011-08-28T19:52:09Z","2011-10-07T06:04:23Z",NA,NA,"2011-10-15T05:49:09Z","Complete",2011,"South European Atlantic Shelf"
"5107137","MALLORCA","PUFMAU","22181003001","Migrant","2012-07-06T19:58:39Z","2012-07-13T05:06:49Z","2012-10-13T18:28:39Z",NA,NA,"2012-10-19T05:56:05Z","Complete",2012,"South European Atlantic Shelf"
"5068669","MALLORCA","PUFMAU","22182001001","Migrant","2010-06-20T19:56:48Z","2010-06-23T20:29:18Z","2010-09-24T06:18:18Z",NA,NA,"2010-10-01T05:24:22Z","Complete",2010,"South European Atlantic Shelf"
"5068669","MALLORCA","PUFMAU","22182002001","Migrant","2011-06-23T03:58:48Z","2011-06-25T04:47:44Z","2011-09-30T06:28:57Z",NA,NA,"2011-11-08T17:17:27Z","Complete",2011,"South European Atlantic Shelf"
"5107124","MALLORCA","PUFMAU","22183001001","Migrant","2011-06-04T04:02:30Z","2011-06-20T20:29:08Z","2011-10-05T05:39:50Z",NA,NA,"2011-10-30T06:01:22Z","Complete",2011,"South European Atlantic Shelf"
"5107124","MALLORCA","PUFMAU","22183002001","Migrant","2011-06-09T04:04:30Z","2011-06-20T20:29:08Z","2011-09-10T05:50:30Z",NA,NA,"2011-09-13T18:40:08Z","Complete",2011,"South European Atlantic Shelf"
"5068661","MALLORCA","PUFMAU","22184001001","Migrant","2010-06-28T20:00:31Z","2010-07-03T20:58:18Z","2010-10-26T17:29:48Z",NA,NA,"2010-11-03T06:09:52Z","Complete",2010,"South European Atlantic Shelf"
"5068661","MALLORCA","PUFMAU","22184002001","Migrant","2011-06-25T19:58:45Z","2011-07-03T20:38:49Z","2011-09-24T06:09:34Z",NA,NA,"2011-10-06T17:58:40Z","Complete",2011,"South European Atlantic Shelf"
"5073698","MALLORCA","PUFMAU","22186001001","Resident",NA,NA,NA,NA,NA,NA,"Complete",2012,"Western Mediterranean"
"5073698","MALLORCA","PUFMAU","22186002001","Migrant","2010-07-01T03:58:21Z","2010-07-10T04:01:12Z","2010-08-22T05:02:59Z",NA,NA,"2010-11-02T17:30:41Z","Complete",2010,"South European Atlantic Shelf"
"5073698","MALLORCA","PUFMAU","22186003001","Migrant","2011-05-12T04:09:12Z","2011-06-26T03:59:16Z","2011-10-01T05:39:43Z",NA,NA,"2011-10-28T17:29:36Z","Complete",2011,"South European Atlantic Shelf"
"5107127","MALLORCA","PUFMAU","22187001001","Migrant",NA,NA,NA,NA,NA,NA,"Uncomplete",2011,NA
"5107127","MALLORCA","PUFMAU","22187002001","Migrant","2010-06-16T04:04:03Z","2010-06-27T20:42:54Z","2010-09-20T06:03:17Z",NA,NA,"2010-09-25T05:23:48Z","Complete",2010,"South European Atlantic Shelf"
"5068571","MALLORCA","PUFMAU","22188001001","Migrant","2010-06-23T04:07:17Z","2010-06-30T20:47:12Z","2010-10-10T06:23:51Z",NA,NA,"2010-11-16T06:23:51Z","Complete",2010,"South European Atlantic Shelf"
"5068889","MALLORCA","PUFMAU","22189001001","Migrant","2010-07-05T04:05:45Z","2010-07-14T04:56:45Z","2010-09-12T19:06:31Z","2010-09-15T05:29:21Z","2010-10-14T05:48:36Z","2010-11-03T06:06:08Z","Complete",2010,"South European Atlantic Shelf"
"5056093","MALLORCA","PUFMAU","22190001001","Migrant","2010-07-03T04:00:16Z","2010-07-05T04:48:30Z","2010-09-24T18:48:02Z",NA,NA,"2010-09-28T18:16:54Z","Complete",2010,"South European Atlantic Shelf"
"5056093","MALLORCA","PUFMAU","22190002001","Migrant","2011-06-23T19:54:03Z","2011-06-26T04:45:48Z","2011-10-16T18:15:28Z",NA,NA,"2011-11-05T06:08:03Z","Complete",2011,"South European Atlantic Shelf"
"5042872","MALLORCA","PUFMAU","22191001001","Migrant","2010-06-27T19:59:12Z","2010-07-06T20:48:21Z","2010-09-23T06:10:31Z",NA,NA,"2010-10-16T05:44:06Z","Complete",2010,"South European Atlantic Shelf"
"5067773","MALLORCA","PUFMAU","22192001001","Migrant","2010-06-26T04:04:00Z","2010-06-28T20:23:58Z","2010-09-20T19:04:06Z",NA,NA,"2010-09-25T05:24:18Z","Complete",2010,"South European Atlantic Shelf"
"5067773","MALLORCA","PUFMAU","22192002001","Migrant","2011-05-13T04:14:35Z","2011-05-16T04:58:00Z","2011-08-30T19:42:15Z",NA,NA,"2011-10-25T05:55:07Z","Complete",2011,"South European Atlantic Shelf"
"5068651","MALLORCA","PUFMAU","22193001001","Migrant","2010-05-23T03:56:52Z","2010-06-03T20:37:03Z","2010-10-16T05:46:48Z",NA,NA,"2010-11-11T06:16:32Z","Complete",2010,"South European Atlantic Shelf"
"5068651","MALLORCA","PUFMAU","22193002001","Migrant","2011-06-19T03:53:39Z","2011-07-06T20:41:48Z","2011-10-16T17:52:49Z",NA,NA,"2011-12-10T06:47:18Z","Complete",2011,"South European Atlantic Shelf"
"5085438","MALLORCA","PUFMAU","22194001001","Migrant","2010-06-26T04:00:42Z","2010-07-09T20:46:09Z","2010-10-24T06:23:12Z",NA,NA,"2010-11-06T06:13:12Z","Complete",2010,"South European Atlantic Shelf"
"5085438","MALLORCA","PUFMAU","22194002001","Migrant","2011-05-17T04:24:52Z","2011-05-27T03:54:48Z","2011-08-18T19:51:33Z",NA,NA,"2012-01-06T06:54:26Z","Complete",2011,"South European Atlantic Shelf"
"5085438","MALLORCA","PUFMAU","22194003001","Migrant","2012-06-24T19:55:19Z","2012-07-05T04:08:24Z","2012-10-23T17:46:19Z",NA,NA,"2012-10-28T17:26:19Z","Complete",2012,"South European Atlantic Shelf"
"5056077","MALLORCA","PUFMAU","22197001001","Migrant","2010-07-02T20:00:15Z","2010-07-06T20:51:30Z","2010-09-13T05:54:30Z",NA,NA,"2010-10-24T17:33:45Z","Complete",2010,"South European Atlantic Shelf"
"5056077","MALLORCA","PUFMAU","22197002001","Migrant","2011-05-18T19:34:10Z","2011-05-29T20:15:00Z","2011-08-31T05:34:49Z",NA,NA,"2011-09-04T04:59:15Z","Complete",2011,"South European Atlantic Shelf"
"5042985","MALLORCA","PUFMAU","22199001001","Migrant","2010-06-25T04:05:50Z","2010-06-28T20:44:27Z","2010-09-04T19:35:46Z","2010-09-18T18:36:15Z","2010-10-16T05:46:13Z","2010-10-31T05:59:21Z","Complete",2010,"South European Atlantic Shelf"
"5042985","MALLORCA","PUFMAU","22199002001","Migrant","2011-06-26T19:58:27Z","2011-07-10T05:00:12Z","2011-09-01T05:49:42Z",NA,NA,"2011-09-29T05:29:01Z","Complete",2011,"South European Atlantic Shelf"
"5120248","MINORCA","PUFYEL","23026001001","Resident",NA,NA,NA,NA,NA,NA,"Complete",2011,"Western Mediterranean"
"5086041","MINORCA","PUFYEL","23028001001","Resident",NA,NA,NA,NA,NA,NA,"Complete",2013,"Western Mediterranean"
"5120242","MALLORCA","PUFMAU","23031001001","Migrant","2011-05-20T04:36:45Z","2011-05-22T05:02:15Z","2011-09-02T19:14:30Z",NA,NA,NA,"Uncomplete",2011,"South European Atlantic Shelf"
"5120247","MINORCA","PUFYEL","23032001001","Resident",NA,NA,NA,NA,NA,NA,"Complete",2013,"Western Mediterranean"
"5086039","MINORCA","PUFYEL","23041001001","Migrant","2013-07-28T04:21:39Z","2013-08-09T05:23:24Z","2013-10-07T06:16:31Z",NA,NA,"2013-10-17T17:29:24Z","Complete",2013,"South European Atlantic Shelf"
"5120249","MINORCA","PUFYEL","23044001001","Resident",NA,NA,NA,NA,NA,NA,"Complete",2011,"Western Mediterranean"
"5043245","MINORCA","PUFYEL","23044002001","Resident",NA,NA,NA,NA,NA,NA,"Complete",2012,"Western Mediterranean"
"5120246","MINORCA","PUFYEL","23044003001","Migrant","2013-07-05T03:54:30Z","2013-07-18T20:01:18Z","2013-10-04T06:06:49Z",NA,NA,"2013-11-05T06:06:49Z","Complete",2013,"South European Atlantic Shelf"
"5085454","MALLORCA","PUFMAU","B044001001","Resident",NA,NA,NA,NA,NA,NA,"Complete",2012,"Western Mediterranean"
"5085478","MALLORCA","PUFMAU","B050001001","Migrant","2012-07-02T19:47:03Z","2012-07-11T19:58:00Z","2012-10-10T06:11:18Z",NA,NA,"2012-10-15T05:54:03Z","Complete",2012,"Alboran Sea"
"FX17945","FRANCE","PUFYEL","BAS-1001","Migrant","2012-07-02T19:46:40Z","2012-07-16T18:16:13Z","2012-10-03T16:15:24Z","2012-11-15T14:38:09Z","2012-12-07T14:25:57Z","2012-12-16T06:31:39Z","Complete",2012,"Aegean Sea"
"FS74249","FRANCE","PUFYEL","BAS-11001","Resident",NA,NA,NA,NA,NA,NA,"Uncomplete",2012,"Western Mediterranean"
"FS74234","FRANCE","PUFYEL","BAS-12001","Resident",NA,NA,NA,NA,NA,NA,"Complete",2012,"Western Mediterranean"
"FS77825","FRANCE","PUFYEL","BAS-13001","Resident",NA,NA,NA,NA,NA,NA,"Complete",2012,"Western Mediterranean"
"FS75442","FRANCE","PUFYEL","BAS-14001","Resident",NA,NA,NA,NA,NA,NA,"Complete",2012,"Western Mediterranean"
"FS56065","FRANCE","PUFYEL","BAS-15001","Migrant","2012-06-25T20:05:27Z","2012-07-02T04:23:27Z","2012-09-01T05:13:27Z",NA,NA,"2012-09-20T18:00:27Z","Complete",2012,"Alboran Sea"
"FS75406","FRANCE","PUFYEL","BAS-16001","Resident",NA,NA,NA,NA,NA,NA,"Complete",2012,"Western Mediterranean"
"FS77817","FRANCE","PUFYEL","BAS-17001","Resident",NA,NA,NA,NA,NA,NA,"Complete",2012,"Western Mediterranean"
"FS74205","FRANCE","PUFYEL","BAS-18001","Resident",NA,NA,NA,NA,NA,NA,"Complete",2012,"Western Mediterranean"
"FS94953","FRANCE","PUFYEL","BAS-19001","Resident",NA,NA,NA,NA,NA,NA,"Complete",2012,"Western Mediterranean"
"FS56074","FRANCE","PUFYEL","BAS-20001","Resident",NA,NA,NA,NA,NA,NA,"Complete",2012,"Western Mediterranean"
"FS74207","FRANCE","PUFYEL","BAS-2001","Resident",NA,NA,NA,NA,NA,NA,"Complete",2012,"Western Mediterranean"
"FT90347","FRANCE","PUFYEL","BAS-21001","Migrant","2012-07-08T03:40:54Z","2012-07-15T02:59:42Z","2012-10-19T16:04:39Z","2012-10-24T15:24:19Z","2013-01-06T14:45:11Z",NA,"Uncomplete",2012,"Black Sea"
"FT67757","FRANCE","PUFYEL","BAS-22001","Resident",NA,NA,NA,NA,NA,NA,"Complete",2012,"Western Mediterranean"
"FS77842","FRANCE","PUFYEL","BAS-23081001","Resident",NA,NA,NA,NA,NA,NA,"Complete",2011,"Western Mediterranean"
"FS21145","FRANCE","PUFYEL","BAS-23083001","Migrant","2011-05-25T03:45:10Z","2011-05-30T04:28:33Z","2011-08-28T18:56:48Z",NA,NA,"2011-11-20T16:45:33Z","Complete",2011,"Western Mediterranean"
"FS21145","FRANCE","PUFYEL","BAS-23083002","Migrant","2012-05-29T19:46:48Z","2012-06-01T19:42:25Z","2012-09-08T18:38:03Z",NA,NA,"2012-10-29T05:45:10Z","Complete",2012,"Alboran Sea"
"FT85293","FRANCE","PUFYEL","BAS-23084001","Resident",NA,NA,NA,NA,NA,NA,"Complete",2011,"Western Mediterranean"
"FT67757","FRANCE","PUFYEL","BAS-23085001","Resident",NA,NA,NA,NA,NA,NA,"Complete",2011,"Western Mediterranean"
"FT67709","FRANCE","PUFYEL","BAS-23086001","Resident",NA,NA,NA,NA,NA,NA,"Complete",2011,"Western Mediterranean"
"FS56067","FRANCE","PUFYEL","BAS-23087001","Migrant","2011-07-04T03:35:18Z","2011-07-08T19:34:55Z","2011-10-18T05:41:44Z",NA,NA,"2011-11-17T06:17:03Z","Complete",2011,"Western Mediterranean"
"FS74207","FRANCE","PUFYEL","BAS-23088001","Resident",NA,NA,NA,NA,NA,NA,"Complete",2011,"Western Mediterranean"
"FT67701","FRANCE","PUFYEL","BAS-23090001","Resident",NA,NA,NA,NA,NA,NA,"Complete",2011,"Western Mediterranean"
"FS90347","FRANCE","PUFYEL","BAS-23092001","Migrant","2011-06-09T03:13:21Z","2011-06-20T18:20:36Z","2011-12-10T04:43:36Z",NA,NA,"2011-12-31T06:42:21Z","Complete",2011,"Black Sea"
"FS77838","FRANCE","PUFYEL","BAS-23093001","Migrant","2011-07-12T03:50:05Z","2011-09-02T16:37:39Z","2011-11-12T14:41:24Z",NA,NA,"2011-11-18T05:47:54Z","Complete",2011,"Black Sea"
"FS56093","FRANCE","PUFYEL","BAS-23095001","Migrant","2011-06-03T03:04:56Z","2011-06-10T17:46:15Z","2011-10-17T03:45:30Z",NA,NA,"2011-11-20T16:41:15Z","Complete",2011,"Black Sea"
"FS56093","FRANCE","PUFYEL","BAS-23095002","Migrant","2012-06-02T03:34:15Z","2012-06-16T17:56:15Z","2012-10-01T15:34:57Z",NA,NA,"2012-11-15T06:14:08Z","Complete",2012,"Black Sea"
"FS67737","FRANCE","PUFYEL","BAS-23097001","Migrant","2011-07-02T19:35:45Z","2011-07-10T02:58:33Z","2011-10-22T04:18:55Z",NA,NA,"2011-10-29T05:48:39Z","Complete",2011,"Aegean Sea"
"FS56064","FRANCE","PUFYEL","BAS-23101001","Resident",NA,NA,NA,NA,NA,NA,"Complete",2011,"Western Mediterranean"
"FS74204","FRANCE","PUFYEL","BAS-23102001","Migrant","2011-05-28T03:55:58Z","2011-06-16T17:44:09Z","2011-09-03T16:30:37Z",NA,NA,"2011-11-07T06:05:58Z","Complete",2011,"Black Sea"
"FS94953","FRANCE","PUFYEL","BAS-23104001","Resident",NA,NA,NA,NA,NA,NA,"Complete",2011,"Western Mediterranean"
"FS56100","FRANCE","PUFYEL","BAS-23105001","Migrant","2011-05-28T03:48:55Z","2011-06-10T17:52:40Z","2011-09-30T04:04:52Z",NA,NA,"2011-10-22T03:43:56Z","Complete",2011,"Black Sea"
"FS74204","FRANCE","PUFYEL","BAS-25001","Migrant","2012-07-04T19:55:15Z","2012-07-15T17:52:28Z","2012-09-29T03:16:52Z",NA,NA,"2012-11-06T05:44:47Z","Complete",2012,"Black Sea"
"FS77824","FRANCE","PUFYEL","BAS-3001","Resident",NA,NA,NA,NA,NA,NA,"Complete",2012,"Western Mediterranean"
"FX17946","FRANCE","PUFYEL","BAS-4001","Resident",NA,NA,NA,NA,NA,NA,"Complete",2012,"Western Mediterranean"
"FS56068","FRANCE","PUFYEL","BAS-6001","Resident",NA,NA,NA,NA,NA,NA,"Complete",2012,"Western Mediterranean"
"FS74240","FRANCE","PUFYEL","BAS-9001","Resident",NA,NA,NA,NA,NA,NA,"Complete",2012,"Western Mediterranean"
"5049275","IBIZA","PUFMAU","BASH10291001","Migrant","2012-06-23T04:00:00Z","2012-06-24T19:59:03Z","2012-10-09T18:29:15Z",NA,NA,"2012-10-29T05:59:07Z","Complete",2012,"Alboran Sea"
"5086316","IBIZA","PUFMAU","BASH19985001","Migrant","2011-06-25T04:01:46Z","2011-06-27T20:20:04Z","2011-11-03T17:44:24Z",NA,NA,"2011-11-14T06:15:44Z","Complete",2011,"South European Atlantic Shelf"
"5086316","IBIZA","PUFMAU","BASH19986001","Migrant","2011-06-04T04:11:45Z","2011-07-06T20:40:31Z","2011-11-08T06:26:49Z",NA,NA,"2011-11-20T06:28:54Z","Complete",2011,"South European Atlantic Shelf"
"5071314","IBIZA","PUFMAU","BASH19987001","Migrant","2011-05-16T04:21:44Z","2011-10-12T06:17:01Z","2011-10-28T17:56:09Z",NA,NA,"2011-10-31T17:23:39Z","Complete",2011,"South European Atlantic Shelf"
"5086318","IBIZA","PUFMAU","BASH19988001","Migrant","2011-05-06T04:29:10Z","2011-05-08T19:56:48Z","2011-11-05T17:53:10Z",NA,NA,"2011-12-17T06:53:14Z","Complete",2011,"South European Atlantic Shelf"
"5086319","IBIZA","PUFMAU","BASH19989001","Migrant","2011-05-06T04:16:19Z","2011-05-14T20:09:12Z","2011-10-05T06:15:23Z",NA,NA,"2011-10-31T17:23:57Z","Complete",2011,"South European Atlantic Shelf"
"5086321","IBIZA","PUFMAU","BASH19991001","Migrant","2011-06-22T19:46:15Z","2011-06-24T20:11:45Z","2011-10-08T18:16:10Z",NA,NA,"2011-10-25T05:56:32Z","Complete",2011,"South European Atlantic Shelf"
"5086322","IBIZA","PUFMAU","BASH19992001","Migrant","2011-06-01T04:27:45Z","2011-06-12T20:32:48Z","2011-12-21T07:13:03Z",NA,NA,"2011-12-25T07:00:03Z","Complete",2011,"Saharan Upwelling"
"5086323","IBIZA","PUFMAU","BASH19994001","Migrant","2011-05-14T19:26:51Z","2011-05-28T20:24:06Z","2011-11-18T07:04:59Z",NA,NA,"2011-11-22T06:32:06Z","Complete",2011,"South European Atlantic Shelf"
"5086325","IBIZA","PUFMAU","BASH19995001","Migrant","2011-06-30T19:51:24Z","2011-07-12T20:13:44Z","2011-12-02T17:27:01Z",NA,NA,"2011-12-04T06:39:24Z","Complete",2011,"South European Atlantic Shelf"
"5086327","IBIZA","PUFMAU","BASH19997001","Migrant","2011-05-31T19:42:10Z","2011-06-02T20:25:45Z","2011-10-12T06:17:47Z",NA,NA,"2011-10-30T05:59:45Z","Complete",2011,"South European Atlantic Shelf"
"5086332","IBIZA","PUFMAU","BASH23002001","Migrant","2011-06-30T04:25:28Z","2011-07-05T20:29:19Z","2011-10-27T17:57:43Z",NA,NA,"2011-11-05T17:13:06Z","Complete",2011,"South European Atlantic Shelf"
"5086334","IBIZA","PUFMAU","BASH23005001","Migrant","2011-06-23T04:10:48Z","2011-06-25T04:44:40Z","2011-10-23T06:35:48Z",NA,NA,"2011-10-26T17:34:28Z","Complete",2011,"South European Atlantic Shelf"
"5086339","IBIZA","PUFMAU","BASH23009001","Migrant","2011-06-17T04:25:10Z","2011-06-20T20:13:37Z","2011-10-06T18:26:48Z",NA,NA,"2011-10-28T05:59:33Z","Complete",2011,"South European Atlantic Shelf"
"5086340","IBIZA","PUFMAU","BASH23011001","Migrant","2011-06-10T19:44:35Z","2011-06-14T20:29:41Z","2011-08-29T19:33:24Z",NA,NA,"2011-11-04T06:14:26Z","Complete",2011,"South European Atlantic Shelf"
"5086341","IBIZA","PUFMAU","BASH23012001","Migrant","2011-06-09T19:49:30Z","2011-06-17T03:50:52Z","2011-10-28T06:19:22Z",NA,NA,"2011-12-04T06:40:15Z","Complete",2011,"South European Atlantic Shelf"
"5086342","IBIZA","PUFMAU","BASH23013001","Migrant","2011-06-16T04:36:37Z","2011-06-18T20:35:18Z","2011-10-18T06:00:40Z",NA,NA,"2011-11-07T17:09:03Z","Complete",2011,"South European Atlantic Shelf"
"5086343","IBIZA","PUFMAU","BASH23014001","Migrant","2011-06-20T19:54:36Z","2011-06-22T20:13:21Z","2011-10-07T06:05:31Z",NA,NA,"2011-10-20T17:30:22Z","Complete",2011,"South European Atlantic Shelf"
"5086345","IBIZA","PUFMAU","BASH23016001","Migrant","2011-06-12T04:32:00Z","2011-08-19T19:39:15Z","2011-10-11T06:16:22Z",NA,NA,"2011-10-15T17:44:40Z","Complete",2011,"South European Atlantic Shelf"
"5086346","IBIZA","PUFMAU","BASH23017001","Migrant","2011-06-10T19:37:04Z","2011-06-20T20:18:36Z","2011-10-22T06:32:11Z",NA,NA,"2011-11-05T06:11:55Z","Complete",2011,"South European Atlantic Shelf"
"5049267","IBIZA","PUFMAU","BASH23022001","Migrant","2011-05-18T04:13:58Z","2011-05-21T04:58:43Z","2011-08-13T19:43:24Z",NA,NA,"2011-08-24T05:29:51Z","Complete",2011,"South European Atlantic Shelf"
"5049268","IBIZA","PUFMAU","BASH23023001","Migrant","2011-09-26T18:20:03Z","2011-10-21T18:27:14Z","2011-11-26T18:02:03Z",NA,NA,"2011-12-01T17:05:40Z","Complete",2011,"Saharan Upwelling"
"5073533","MALLORCA","PUFMAU","BC709001001","Migrant","2018-05-30T19:54:57Z","2018-06-06T20:39:41Z","2018-09-09T19:23:53Z",NA,NA,"2018-09-12T18:44:41Z","Complete",2018,"South European Atlantic Shelf"
"5107147","MALLORCA","PUFMAU","BD250001001","Migrant","2018-06-01T03:59:02Z","2018-06-09T03:50:06Z","2018-10-12T17:54:10Z",NA,NA,"2018-11-10T06:04:18Z","Complete",2018,"South European Atlantic Shelf"
"5068534","MALLORCA","PUFMAU","BD251001001","Migrant","2018-06-21T03:53:13Z","2018-06-23T20:41:48Z","2018-09-08T19:27:12Z",NA,NA,"2018-09-19T05:22:01Z","Complete",2018,"South European Atlantic Shelf"
"5068560","MALLORCA","PUFMAU","BD257001001","Migrant","2018-06-21T03:52:44Z","2018-06-25T20:26:19Z","2018-08-26T19:46:19Z",NA,NA,"2018-10-24T05:37:44Z","Complete",2018,"Saharan Upwelling"
"RX00230","MALLORCA","PUFMAU","BD260001001","Migrant","2018-05-26T03:54:31Z","2018-06-10T03:29:31Z","2018-09-13T05:18:19Z",NA,NA,"2018-09-20T18:32:18Z","Complete",2018,"South European Atlantic Shelf"
"5131657","MALLORCA","PUFMAU","BD261001001","Migrant","2018-06-23T03:46:26Z","2018-07-02T03:45:09Z","2018-10-19T05:55:06Z",NA,NA,"2018-10-21T05:40:38Z","Complete",2018,"South European Atlantic Shelf"
"RX00193","MALLORCA","PUFMAU","BD264001001","Migrant","2018-07-05T03:50:10Z","2018-07-21T20:44:21Z","2018-09-30T18:29:21Z",NA,NA,"2018-10-01T18:15:25Z","Complete",2018,"South European Atlantic Shelf"
"5107124","MALLORCA","PUFMAU","BD266001001","Migrant","2018-05-10T04:04:42Z","2018-05-22T03:48:54Z","2018-08-28T04:58:54Z",NA,NA,"2018-09-10T05:03:54Z","Complete",2018,"South European Atlantic Shelf"
"5142420","MALLORCA","PUFMAU","BD270001001","Migrant","2018-07-10T04:42:38Z","2018-07-13T04:47:54Z","2018-08-08T05:08:42Z",NA,NA,NA,"Uncomplete",2018,NA
"5142596","MALLORCA","PUFMAU","BD562001001","Migrant","2018-06-26T03:40:05Z","2018-07-02T20:23:40Z","2018-08-25T05:29:17Z",NA,NA,"2018-11-02T17:33:40Z","Complete",2018,"Saharan Upwelling"
"5131655","MALLORCA","PUFMAU","BD575001001","Resident",NA,NA,NA,NA,NA,NA,"Complete",2018,"Western Mediterranean"
"5120176","MALLORCA","PUFMAU","BF840001001","Migrant","2018-05-23T19:51:27Z","2018-05-31T20:36:11Z","2018-08-29T19:46:46Z",NA,NA,"2018-09-16T05:06:19Z","Complete",2018,"South European Atlantic Shelf"
"5048326","MALLORCA","PUFMAU","BF841001001","Migrant","2018-06-24T20:04:15Z","2018-06-29T20:34:15Z","2018-09-21T05:58:48Z",NA,NA,"2018-09-28T18:13:46Z","Complete",2018,"South European Atlantic Shelf"
"RX30387","MALLORCA","PUFMAU","BG848001001","Migrant","2018-06-16T03:41:44Z","2018-07-06T21:11:47Z","2018-10-15T17:41:55Z",NA,NA,"2018-11-01T17:26:47Z","Complete",2018,"South European Atlantic Shelf"
"5142418","MALLORCA","PUFMAU","BG850001001","Resident",NA,NA,NA,NA,NA,NA,"Complete",2018,"Western Mediterranean"
"5105219","MALLORCA","PUFMAU","BK738001001","Migrant","2018-06-22T03:42:29Z","2018-06-26T03:32:29Z","2018-10-02T18:36:04Z",NA,NA,"2018-10-03T18:16:20Z","Complete",2018,"South European Atlantic Shelf"
"RX00196","MALLORCA","PUFMAU","BK739001001","Migrant","2018-06-19T03:50:09Z","2018-07-03T21:02:56Z","2018-08-27T19:48:44Z",NA,NA,"2018-10-29T17:37:56Z","Complete",2018,"South European Atlantic Shelf"
"5073668","MALLORCA","PUFMAU","BK740001001","Migrant","2018-06-17T03:49:17Z","2018-06-22T20:47:52Z","2018-09-07T05:34:17Z",NA,NA,"2018-09-12T05:03:29Z","Complete",2018,"South European Atlantic Shelf"
"5120239","MALLORCA","PUFMAU","BK743001001","Migrant","2018-06-23T03:54:09Z","2018-07-27T03:55:21Z","2018-11-26T06:29:33Z",NA,NA,"2018-11-26T16:49:12Z","Complete",2018,"South European Atlantic Shelf"
"RX03334","MALLORCA","PUFMAU","BK753001001","Migrant","2018-06-04T20:02:37Z","2018-06-16T03:53:46Z","2018-09-22T05:34:02Z",NA,NA,"2018-09-24T05:08:38Z","Complete",2018,"South European Atlantic Shelf"
"5048471","MALLORCA","PUFMAU","BK757001001","Resident",NA,NA,NA,NA,NA,NA,"Complete",2018,"Western Mediterranean"
"RX00192","MALLORCA","PUFMAU","BK765001001","Resident",NA,NA,NA,NA,NA,NA,"Complete",2018,"Western Mediterranean"
"TJ3263","SARDINIA","PUFYEL","BV894001001","Migrant","2021-08-11T04:07:22Z","2021-08-19T03:16:18Z","2021-09-09T17:08:27Z","2021-09-25T16:26:14Z","2021-12-11T04:26:08Z","2021-12-17T06:02:25Z","Complete",2021,"Aegean Sea"
"EE06551","MALTA","PUFYEL","BV895001001","Migrant","2021-05-25T03:24:57Z","2021-08-21T16:43:36Z","2021-10-17T15:02:26Z",NA,NA,"2021-10-28T04:59:16Z","Complete",2021,"Black Sea"
"RX07398","MINORCA","PUFYEL","BV900001001","Resident",NA,NA,NA,NA,NA,NA,"Complete",2021,"Western Mediterranean"
"E013655","GREECE","PUFYEL","BV900002001","Migrant","2022-08-21T17:05:22Z","2022-08-22T16:50:25Z","2022-11-21T04:19:32Z",NA,NA,NA,"Uncomplete",2022,"Black Sea"
"E003630","GREECE","PUFYEL","BV904001001","Migrant","2021-09-07T00:00:00Z","2021-09-09T00:00:00Z","2022-02-21T00:00:00Z",NA,NA,"2022-02-23T00:00:00Z","Complete",2021,"Black Sea"
"RX07426","MINORCA","PUFYEL","BW086001001","Resident",NA,NA,NA,NA,NA,NA,"Complete",2021,"Western Mediterranean"
"TJ4890","SARDINIA","PUFYEL","BW090001001","Migrant","2021-06-30T19:17:53Z","2021-07-12T18:08:01Z","2021-12-11T04:33:50Z",NA,NA,"2022-01-06T06:08:48Z","Complete",2021,"Black Sea"
"E013688","GREECE","PUFYEL","BW093001001","Migrant","2021-07-30T02:24:02Z","2021-07-31T17:54:10Z","2022-02-24T00:00:00Z",NA,NA,"2022-02-26T00:00:00Z","Complete",2021,"Black Sea"
"TJ3262","SARDINIA","PUFYEL","BW096001001","Migrant","2021-06-09T03:37:10Z","2021-06-26T18:05:52Z","2021-10-17T15:18:31Z",NA,NA,"2021-11-08T05:29:29Z","Complete",2021,"Black Sea"
"E013661","GREECE","PUFYEL","BW096002001","Migrant","2022-07-23T17:55:33Z","2022-08-22T17:14:51Z","2022-11-30T19:49:40Z",NA,NA,NA,"Uncomplete",2022,"Black Sea"
"E013703","GREECE","PUFYEL","BW099001001","Migrant","2021-08-12T02:18:35Z","2021-08-16T17:23:54Z","2022-02-25T00:00:00Z",NA,NA,"2022-02-26T00:00:00Z","Complete",2021,"Black Sea"
"E013703","GREECE","PUFYEL","BW099001002","Migrant",NA,NA,NA,NA,NA,NA,"Uncomplete",2022,"Black Sea"
"TM0082","SARDINIA","PUFYEL","BW100001001","Migrant","2021-07-16T19:21:33Z","2021-09-25T15:47:39Z","2021-12-13T14:22:50Z",NA,NA,"2022-01-01T06:07:15Z","Complete",2021,"Black Sea"
"RX07393","MINORCA","PUFYEL","BW101001001","Resident",NA,NA,NA,NA,NA,NA,"Complete",2021,"Western Mediterranean"
"EE02242","MALTA","PUFYEL","BW104001001","Migrant","2021-05-22T03:35:49Z","2021-06-04T17:59:53Z","2021-10-23T03:34:32Z",NA,NA,"2021-11-07T04:59:46Z","Complete",2021,"Black Sea"
"T86676","SARDINIA","PUFYEL","BW106001001","Resident",NA,NA,NA,NA,NA,NA,"Complete",2021,"Western Mediterranean"
"EE02052","MALTA","PUFYEL","BW107001001","Migrant","2021-05-24T00:00:00Z","2021-05-29T00:00:00Z","2021-10-25T00:00:00Z",NA,NA,"2021-10-27T00:00:00Z","Complete",2021,"Black Sea"
"EE02052","MALTA","PUFYEL","BW107001002","Migrant","2022-07-02T03:32:48Z","2022-07-04T02:41:31Z","2022-08-04T17:25:35Z",NA,NA,NA,"Uncomplete",2022,"Black Sea"
"TJ3268","SARDINIA","PUFYEL","BW108001001","Resident",NA,NA,NA,NA,NA,NA,"Complete",2021,"Western Mediterranean"
"EE03010","MALTA","PUFYEL","BW110001001","Migrant","2021-05-17T18:44:40Z","2021-05-28T18:08:27Z","2021-10-26T15:22:29Z",NA,NA,"2021-11-14T05:07:03Z","Complete",2021,"Black Sea"
"EE02730","MALTA","PUFYEL","BW114001001","Migrant","2021-07-09T03:19:51Z","2021-07-19T17:52:35Z","2021-12-07T04:18:25Z",NA,NA,"2021-12-19T00:00:00Z","Complete",2021,"Black Sea"
"TJ4780","SARDINIA","PUFYEL","BW116001001","Resident",NA,NA,NA,NA,NA,NA,"Complete",2021,"Western Mediterranean"
"EE02598","MALTA","PUFYEL","BW117001001","Migrant","2021-05-29T03:42:11Z","2021-06-04T01:33:42Z","2021-10-26T03:38:23Z",NA,NA,"2021-11-05T16:41:08Z","Complete",2021,"Black Sea"
"RX07400","MINORCA","PUFYEL","BW118001001","Migrant","2021-07-18T03:50:57Z","2021-07-24T20:40:44Z","2021-10-05T05:41:42Z",NA,NA,"2021-11-03T05:46:41Z","Complete",2021,"South European Atlantic Shelf"
"EE04228","MALTA","PUFYEL","BW119001001","Migrant","2021-07-29T03:10:42Z","2021-08-04T02:56:14Z","2022-01-29T04:56:59Z",NA,NA,"2022-01-30T00:00:00Z","Complete",2021,"Black Sea"
NA,"MALTA","PUFYEL","BW121001001","Migrant","2021-06-11T18:55:38Z","2021-06-16T18:25:13Z","2021-10-08T03:20:03Z",NA,NA,"2021-10-14T04:40:17Z","Complete",2021,"Black Sea"
"RX03600","MINORCA","PUFYEL","BW123001001","Migrant","2021-06-06T03:34:02Z","2021-06-10T03:52:50Z","2021-11-29T16:41:49Z",NA,NA,"2021-12-14T17:02:07Z","Complete",2021,"Alboran Sea"
"T86675","SARDINIA","PUFYEL","BW125001001","Migrant","2021-06-06T03:35:15Z","2021-06-21T18:02:50Z","2021-11-30T04:26:44Z",NA,NA,"2021-12-20T16:26:56Z","Complete",2021,"Black Sea"
"LS04027","CROATIA","PUFYEL","BW126001001","Migrant","2021-07-11T02:51:32Z","2021-07-17T01:46:03Z","2021-10-31T04:06:12Z",NA,NA,"2021-11-09T13:55:11Z","Complete",2021,"Black Sea"
"EE04659","MALTA","PUFYEL","BW128001001","Resident",NA,NA,NA,NA,NA,NA,"Complete",2021,"Central Mediterranean"
"TJ3283","SARDINIA","PUFYEL","BW129001001","Migrant","2021-05-27T18:34:39Z","2021-05-31T18:14:13Z","2021-08-06T02:00:00Z",NA,NA,"2021-09-08T18:07:27Z","Complete",2021,"Black Sea"
"E003638","GREECE","PUFYEL","BW134001001","Migrant","2021-06-28T00:00:00Z","2021-06-29T00:00:00Z","2022-02-26T00:00:00Z",NA,NA,"2022-03-01T00:00:00Z","Complete",2021,"Black Sea"
"LS06371","CROATIA","PUFYEL","BW136001001","Resident",NA,NA,NA,NA,NA,NA,"Complete",2021,"Adriatic Sea"
"LA19214","CROATIA","PUFYEL","BW176001001","Resident",NA,NA,NA,NA,NA,NA,"Complete",2021,"Adriatic Sea"
"LS06188","CROATIA","PUFYEL","BW773001001","Migrant","2021-07-09T03:02:15Z","2021-07-17T18:15:50Z","2021-12-02T14:41:20Z",NA,NA,"2021-12-08T05:57:10Z","Complete",2021,"Black Sea"
"LS06061","CROATIA","PUFYEL","BW774001001","Migrant","2021-07-11T02:45:22Z","2021-07-19T01:46:10Z","2021-10-26T15:20:09Z",NA,NA,"2021-11-02T05:15:06Z","Complete",2021,"Black Sea"
"EE03611","MALTA","PUFYEL","BW779001001","Resident",NA,NA,NA,NA,NA,NA,"Complete",2021,"Central Mediterranean"
"EE03611","MALTA","PUFYEL","BW779001002","Resident",NA,NA,NA,NA,NA,NA,"Complete",2022,"Central Mediterranean"
"E003625","GREECE","PUFYEL","BW781001001","Migrant","2021-09-24T03:28:31Z","2021-09-24T15:58:34Z","2022-01-08T15:03:20Z",NA,NA,"2022-01-13T05:04:30Z","Complete",2021,"Black Sea"
"LA20072","CROATIA","PUFYEL","BW785001001","Migrant","2021-07-14T19:04:56Z","2021-07-21T01:54:32Z","2021-12-03T14:48:37Z",NA,NA,"2021-12-10T05:35:02Z","Complete",2021,"Black Sea"
"E003634","GREECE","PUFYEL","BW789001001","Migrant","2021-08-20T03:11:49Z","2021-08-30T02:31:01Z","2022-02-20T15:54:36Z",NA,NA,"2022-02-26T04:10:45Z","Complete",2021,"Black Sea"
"LS06112","CROATIA","PUFYEL","BW792001001","Resident",NA,NA,NA,NA,NA,NA,"Complete",2021,"Adriatic Sea"
"LS04074","CROATIA","PUFYEL","BW797001001","Migrant","2021-06-24T02:39:12Z","2021-07-06T18:11:59Z","2021-10-16T15:28:19Z",NA,NA,"2021-10-23T16:38:22Z","Complete",2021,"Black Sea"
"LA19235","CROATIA","PUFYEL","BW800001001","Resident",NA,NA,NA,NA,NA,NA,"Complete",2021,"Adriatic Sea"
